episode,frame,true_light,person_on_crossing,stop_required
clear_green,0,green,0,0
clear_green,1,green,0,0
clear_green,2,green,0,0
clear_green,3,green,0,0
clear_green,4,green,0,0
clear_green,5,green,0,0
clear_green,6,green,0,0
clear_green,7,green,0,0
clear_green,8,green,0,0
clear_green,9,green,0,0
clear_green,10,green,0,0
clear_green,11,green,0,0
clear_green,12,green,0,0
clear_green,13,green,0,0
clear_green,14,green,0,0
clear_green,15,green,0,0
clear_green,16,green,0,0
clear_green,17,green,0,0
clear_green,18,green,0,0
clear_green,19,green,0,0
clear_green,20,green,0,0
clear_green,21,green,0,0
clear_green,22,green,0,0
clear_green,23,green,0,0
late_red,0,green,0,0
late_red,1,green,0,0
late_red,2,green,0,0
late_red,3,green,0,0
late_red,4,green,0,0
late_red,5,green,0,0
late_red,6,green,0,0
late_red,7,green,0,0
late_red,8,green,0,0
late_red,9,red,0,1
late_red,10,red,0,1
late_red,11,red,0,1
late_red,12,red,0,1
late_red,13,red,0,1
late_red,14,red,0,1
late_red,15,red,0,1
late_red,16,red,0,1
late_red,17,red,0,1
late_red,18,red,0,1
late_red,19,red,0,1
late_red,20,red,0,1
late_red,21,red,0,1
late_red,22,red,0,1
late_red,23,red,0,1
person_crossing,0,green,0,0
person_crossing,1,green,0,0
person_crossing,2,green,0,0
person_crossing,3,green,0,0
person_crossing,4,green,0,0
person_crossing,5,green,0,0
person_crossing,6,green,0,0
person_crossing,7,green,0,0
person_crossing,8,green,0,0
person_crossing,9,green,0,0
person_crossing,10,green,1,1
person_crossing,11,green,1,1
person_crossing,12,green,1,1
person_crossing,13,green,1,1
person_crossing,14,green,1,1
person_crossing,15,green,1,1
person_crossing,16,green,1,1
person_crossing,17,green,1,1
person_crossing,18,green,1,1
person_crossing,19,green,1,1
person_crossing,20,green,1,1
person_crossing,21,green,1,1
person_crossing,22,green,1,1
person_crossing,23,green,1,1
