episode,frame,time_s,distance_to_line_m,speed_mps,red_score,person_score,v2x_light,v2x_sample_time_s
clear_green,0,0.0,2.75,0.8,0.01,0.01,green,0.0
clear_green,1,0.1,2.67,0.8,0.01,0.113,green,0.1
clear_green,2,0.2,2.59,0.8,0.028,0.01,green,0.2
clear_green,3,0.3,2.51,0.8,0.01,0.153,green,0.3
clear_green,4,0.4,2.43,0.8,0.04,0.456,green,0.4
clear_green,5,0.5,2.35,0.8,0.01,0.219,green,0.0
clear_green,6,0.6,2.27,0.8,0.365,0.77,green,0.0
clear_green,7,0.7,2.19,0.8,0.094,0.77,green,0.7
clear_green,8,0.8,2.11,0.8,0.01,0.185,green,0.8
clear_green,9,0.9,2.03,0.8,0.16,0.514,green,0.9
clear_green,10,1.0,1.95,0.8,0.01,0.163,green,1.0
clear_green,11,1.1,1.87,0.8,0.241,0.094,green,1.1
clear_green,12,1.2,1.79,0.8,0.049,0.398,green,0.6
clear_green,13,1.3,1.71,0.8,0.01,0.023,green,0.7
clear_green,14,1.4,1.63,0.8,0.111,0.01,green,1.4
clear_green,15,1.5,1.55,0.8,0.07,0.01,green,1.5
clear_green,16,1.6,1.47,0.8,0.149,0.066,green,1.6
clear_green,17,1.7,1.39,0.8,0.01,0.092,green,1.7
clear_green,18,1.8,1.31,0.8,0.155,0.01,green,1.8
clear_green,19,1.9,1.23,0.8,0.01,0.177,green,1.3
clear_green,20,2.0,1.15,0.8,0.01,0.369,green,1.4
clear_green,21,2.1,1.07,0.8,0.318,0.011,green,2.1
clear_green,22,2.2,0.99,0.8,0.01,0.318,green,2.2
clear_green,23,2.3,0.91,0.8,0.078,0.077,green,2.3
late_red,0,0.0,2.75,0.8,0.09,0.146,green,0.0
late_red,1,0.1,2.67,0.8,0.01,0.541,green,0.1
late_red,2,0.2,2.59,0.8,0.01,0.01,green,0.2
late_red,3,0.3,2.51,0.8,0.017,0.335,green,0.3
late_red,4,0.4,2.43,0.8,0.108,0.078,green,0.4
late_red,5,0.5,2.35,0.8,0.078,0.192,green,0.0
late_red,6,0.6,2.27,0.8,0.01,0.01,green,0.0
late_red,7,0.7,2.19,0.8,0.069,0.01,green,0.7
late_red,8,0.8,2.11,0.8,0.01,0.018,green,0.8
late_red,9,0.9,2.03,0.8,0.43,0.01,red,0.9
late_red,10,1.0,1.95,0.8,0.43,0.01,red,1.0
late_red,11,1.1,1.87,0.8,0.99,0.01,red,1.1
late_red,12,1.2,1.79,0.8,0.911,0.01,green,0.6
late_red,13,1.3,1.71,0.8,0.987,0.035,green,0.7
late_red,14,1.4,1.63,0.8,0.862,0.025,red,1.4
late_red,15,1.5,1.55,0.8,0.873,0.429,red,1.5
late_red,16,1.6,1.47,0.8,0.965,0.01,red,1.6
late_red,17,1.7,1.39,0.8,0.763,0.01,red,1.7
late_red,18,1.8,1.31,0.8,0.939,0.136,red,1.8
late_red,19,1.9,1.23,0.8,0.949,0.01,red,1.3
late_red,20,2.0,1.15,0.8,0.925,0.033,red,1.4
late_red,21,2.1,1.07,0.8,0.969,0.054,red,2.1
late_red,22,2.2,0.99,0.8,0.969,0.01,red,2.2
late_red,23,2.3,0.91,0.8,0.953,0.178,red,2.3
person_crossing,0,0.0,2.75,0.8,0.01,0.187,green,0.0
person_crossing,1,0.1,2.67,0.8,0.01,0.01,green,0.1
person_crossing,2,0.2,2.59,0.8,0.224,0.01,green,0.2
person_crossing,3,0.3,2.51,0.8,0.01,0.01,green,0.3
person_crossing,4,0.4,2.43,0.8,0.01,0.01,green,0.4
person_crossing,5,0.5,2.35,0.8,0.142,0.01,green,0.0
person_crossing,6,0.6,2.27,0.8,0.121,0.01,green,0.0
person_crossing,7,0.7,2.19,0.8,0.01,0.824,green,0.7
person_crossing,8,0.8,2.11,0.8,0.207,0.777,green,0.8
person_crossing,9,0.9,2.03,0.8,0.01,0.611,green,0.9
person_crossing,10,1.0,1.95,0.8,0.118,0.847,green,1.0
person_crossing,11,1.1,1.87,0.8,0.01,0.99,green,1.1
person_crossing,12,1.2,1.79,0.8,0.01,0.99,green,0.6
person_crossing,13,1.3,1.71,0.8,0.088,0.943,green,0.7
person_crossing,14,1.4,1.63,0.8,0.01,0.99,green,1.4
person_crossing,15,1.5,1.55,0.8,0.064,0.29,green,1.5
person_crossing,16,1.6,1.47,0.8,0.01,0.29,green,1.6
person_crossing,17,1.7,1.39,0.8,0.376,0.99,green,1.7
person_crossing,18,1.8,1.31,0.8,0.232,0.977,green,1.8
person_crossing,19,1.9,1.23,0.8,0.01,0.99,green,1.3
person_crossing,20,2.0,1.15,0.8,0.108,0.99,green,1.4
person_crossing,21,2.1,1.07,0.8,0.01,0.99,green,2.1
person_crossing,22,2.2,0.99,0.8,0.234,0.791,green,2.2
person_crossing,23,2.3,0.91,0.8,0.219,0.809,green,2.3
